iteration,objective,k_error,q00,q11,q22,q33
0,10.594411711037734,3.254905791422808,1.0,1.0,1.0,1.0
1,5.856644086026792,2.42005043047181,2.2939505245057603,2.2939505245057643,1.2597337092069552,1.2597337092069578
2,4.489526366342943,2.1188502463229777,2.90278526801535,2.9027852791175883,1.397993535905527,1.3979934692921523
3,3.6517761282284615,1.910962094921943,3.370728417577795,3.3707285286001047,1.502565810300836,1.502565801419061
4,3.0655696215425747,1.7508768150679745,3.759131206619971,3.7591313591646185,1.5864189742688075,1.5864187824222835
5,2.6265718460191967,1.620670184219848,4.093958040434332,4.0939582249534014,1.6556007572378042,1.65560037665337
6,2.283577883203332,1.5111511781431173,4.3893463602385765,4.389346594939734,1.7136270983032478,1.7136266664265134
7,2.0075985046650695,1.4168974926454878,4.6540778769467135,4.654078195136637,1.7627929012876655,1.7627924392128689
8,1.7806559343231227,1.3344122055508645,4.894077559962736,4.894077834853967,1.8047082531437126,1.8047076638373647
9,1.5908646304854703,1.2612948229836949,5.113579503250971,5.113579811670938,1.8405610940620485,1.8405605607109488
10,1.4299846377949634,1.1958196510322798,5.315740030347287,5.315740315674616,1.8712613551731188,1.8712608120520637
11,1.2920888913585198,1.136700880336828,5.502989808474739,5.502990085031308,1.8975259542243121,1.897525419318917
12,1.172786488203061,1.0829526712664135,5.677250050377774,5.677250258544605,1.9199327560826984,1.9199322414943931
13,1.0687453293019935,1.033801397417315,5.840071262002249,5.84007150547418,1.9389563974115849,1.9389558551787325
14,0.9773854466082272,0.9886280628265754,5.9927271600358445,5.992727324348874,1.9549924048224305,1.9549918936758262
15,0.8966748333115447,0.9469291596056933,6.136279429052145,6.136279576878357,1.968375099719129,1.968374605725476
16,0.8249895356836328,0.9082893457944075,6.271624464509012,6.271624612279711,1.9793898919085817,1.979389349786769
17,0.7610151572473325,0.8723618270232442,6.39952724509795,6.399527427951697,1.988282798541885,1.9882822740171135
18,0.7036758887998986,0.8388539138609884,6.520647047396735,6.520647247236893,1.995267785242037,1.9952672836433727
19,0.6520825517445261,0.807516285745697,6.635556693306389,6.6355568862631635,2.0005322071404463,2.0005317185313998
20,0.6054937145480189,0.7781347663149482,6.744757698378222,6.744757928694007,2.0042411952570784,2.0042407072031496
21,0.5632862790802908,0.7505240030007639,6.8486921902245355,6.848692406051912,2.0065411102377637,2.0065406538251933
22,0.5249328714746442,0.7245225127452176,6.9477521710538,6.9477523642881405,2.00756234860941,2.007561937882523
23,0.4899843193527496,0.6999887994480695,7.042287010787894,7.042287191365699,2.0074216154620497,2.007421230492349
24,0.45805571429231595,0.6767981340786305,7.132609900205688,7.1326100682379625,2.006223884242285,2.006223509209093
25,0.42881553307860987,0.6548400820647815,7.219002612689585,7.219002772173141,2.0040637257180056,2.0040634058351516
26,0.401976804200199,0.634016406885657,7.301719785495312,7.301719913864862,2.0010268498561103,2.0010265256433946
27,0.37728998456820684,0.6142393544606262,7.380992380150543,7.380992507076806,1.9971910155392623,1.9971906673457378
28,0.3545371424294915,0.595430216255013,7.457030745643514,7.457030918671788,1.9926269851078953,1.9926266146821658
29,0.3335272851426026,0.5775182119575127,7.5300268851931005,7.5300270302714996,1.9873994289699288,1.9873990501620218
30,0.3140923406552294,0.560439417470996,7.6001566877971145,7.60015682349413,1.9815674602564166,1.9815671214998123
31,0.2960839505364261,0.5441359669571808,7.667581704034026,7.667581846503407,1.9751853018713061,1.9751849684160223
32,0.27937073454591754,0.5285553278001439,7.732450702928709,7.732450824303852,1.9683026931661192,1.968302373699652
33,0.2638359852523945,0.5136496717144814,7.794901011963887,7.794901148660109,1.9609654979258526,1.9609651827892653
34,0.24937575705832093,0.49937536689180106,7.85505969683086,7.855059834859349,1.9532159276070582,1.9532156014237556
35,0.2358972088863633,0.48569250445766954,7.9130445635306925,7.913044717574147,1.9450929324139075,1.9450926226619156
36,0.2233172179205418,0.4725645119140262,7.968965062123514,7.968965240702898,1.9366325296327764,1.9366322176325943
37,0.21156119218375433,0.45995781565677774,8.022923029301179,8.022923227281698,1.9278680192791837,1.927867726430364
38,0.20056202453929134,0.44784151721260873,8.075013475854588,8.075013655655198,1.9188302521195229,1.9188299802539268
39,0.1902592424798168,0.43618716450603723,8.125324994916573,8.125325168236257,1.909547853325466,1.9095475697747901
40,0.18059820188907716,0.42496847164122326,8.173940583415906,8.173940752377973,1.90004735853182,1.9000470700267869
41,0.17152944994112085,0.4141611400664249,8.220937974644613,8.220938127105995,1.8903534164105718,1.8903531305978403
42,0.16300815228749854,0.40374268078504966,8.26639002446293,8.266390177368386,1.8804889217172571,1.8804886612453766
43,0.1549935742516646,0.3936922329074637,8.310365223917024,8.310365386078969,1.8704751902065961,1.870474920852941
44,0.14744864640834743,0.38399042489149054,8.352928012543934,8.352928170667433,1.860332000002168,1.8603317560309993
45,0.1403395917628455,0.3746192624023029,8.394138982402804,8.394139122512923,1.8500777879393675,1.850077542136342
46,0.13363556494043893,0.3655619850865772,8.434055305455251,8.434055438876271,1.839729740673071,1.8397294628262448
47,0.12730836504731277,0.35680297791261883,8.472730914864762,8.472731047064531,1.8293037697114993,1.8293034794856986
48,0.12133216455114545,0.34832766836865753,8.510216779207923,8.510216935860349,1.8188147622711153,1.8188144704771345
49,0.11568327339041037,0.34012243882227233,8.546561172307163,8.54656132483094,1.808276602467993,1.8082763078152029
50,0.11033994588836676,0.3321745714054084,8.581809673494465,8.581809796403029,1.7977021606319348,1.7977018573888097
51,0.10528217754472602,0.3244721521867879,8.61600550478607,8.616005620138186,1.78710345009078,1.7871031491236256
52,0.10049154866082202,0.3170040199442619,8.649189675724966,8.649189769996717,1.7764916408469487,1.776491329922491
53,0.09595108098417668,0.30975971491492676,8.681401045837855,8.681401145681532,1.7658771489781593,1.7658768420366397
54,0.09164509708328195,0.30272941231945394,8.712676578647258,8.712676672613696,1.755269644964109,1.7552693437541287
55,0.0875591041004908,0.29590387645397753,8.743051415820531,8.743051509335935,1.744678130569412,1.744677872859367
56,0.08367969469903563,0.289274428007447,8.772558957890014,8.772559070986972,1.7341110474372818,1.7341107716583701
57,0.07999444806350252,0.28283289777446774,8.80123099026335,8.801231120756116,1.7235760836470602,1.7235758079236716
58,0.07649184156533737,0.2765715848841622,8.829097836337105,8.82909796580291,1.713080481537419,1.7130802183942595
59,0.07316118169921032,0.27048323737194935,8.856188325022764,8.856188463703404,1.7026309514489777,1.7026306875564283
60,0.06999252194246694,0.2645609985286322,8.882530043565309,8.88253018875463,1.6922336990704767,1.6922334346922026
61,0.06697661150746319,0.258798399352591,8.90814927600219,8.908149414717531,1.6818944421129374,1.681894201764057
62,0.06410483692313765,0.25318933019212647,8.933071080559735,8.933071236192097,1.671618533190551,1.671618268874746
63,0.061369164889975805,0.24772800586525498,8.957319485413219,8.957319612943065,1.661410862301444,1.6614105847670608
64,0.05876209683471882,0.24240894545110916,8.980917415148493,8.980917547081063,1.65127597500399,1.6512756904474606
65,0.056276635534531064,0.23722697050405347,9.003886767520001,9.003886875652139,1.6412179979000285,1.6412177263053498
66,0.05390623131873147,0.23217715503195285,9.026248531495243,9.026248644817683,1.631240752744972,1.6312404931025506
67,0.051644759297069506,0.22725483338549593,9.048022825987704,9.048022932593291,1.6213477780624581,1.6213475272289781
68,0.049486482619281125,0.2224555744846173,9.06922885987493,9.069228982165889,1.6115422467033618,1.6115419958525452
69,0.04742602132900326,0.2177751623326298,9.089885131672135,9.089885254872078,1.6018270883623624,1.6018268620162601
70,0.04545833033573142,0.2132095925040227,9.110009315900887,9.110009437869179,1.5922049730321546,1.5922047657610872
71,0.04357867136665541,0.20875505111650688,9.129618363144486,9.12961848899509,1.5826782597042175,1.5826780694820282
72,0.04178259114018752,0.20440790381046306,9.14872863387494,9.148728753706056,1.5732492325514036,1.5732490320735402
73,0.04006590614113638,0.20016469753964206,9.167355662620771,9.16735578475907,1.563919704724035,1.5639195368589855
74,0.03842467399053004,0.19602212627795376,9.185514516437223,9.185514622525849,1.5546914713937634,1.5546912984425156
75,0.03685518341968903,0.19197703878247793,9.20321963998157,9.203219769381398,1.5455661334883106,1.5455659498130154
76,0.035353935655665567,0.18802642275931747,9.220484952595188,9.22048506315938,1.536545000640633,1.5365448484748714
77,0.03391763476808079,0.18416740962526673,9.237323693930504,9.23732377817895,1.5276292131712108,1.527629062455691
78,0.0325431664777171,0.1803972463141195,9.253748701243083,9.253748807206795,1.5188198159386876,1.5188196574238635
79,0.031227588924145712,0.17671329583295567,9.269772403885616,9.26977248364807,1.5101176822791889,1.5101175140117606
80,0.02996812394985985,0.1731130380700999,9.285406635336734,9.28540672129736,1.5015234838151923,1.5015233652718916
81,0.02876214683471132,0.16959406485697348,9.300662801554223,9.300662911096675,1.4930378458798175,1.4930377320879389
82,0.027607168038908687,0.16615404911981135,9.31555203770899,9.315552165087876,1.4846612574413038,1.4846611635276383
83,0.02650083629726979,0.1627907746073769,9.330084886444183,9.33008503999311,1.4763940152917554,1.4763938902294058
84,0.025440920386093663,0.15950210150996025,9.344271674759469,9.344271788499963,1.4682363440882775,1.4682361793042435
85,0.024425309281683433,0.15628598555751386,9.358122199462315,9.358122293260436,1.4601883264678872,1.4601881684180673
86,0.023451997785702117,0.15314045117375785,9.371646007893066,9.371646099002376,1.4522499932444795,1.452249832023601
87,0.022519084770422547,0.15006360241718358,9.384852319562297,9.38485240667828,1.4444212751158507,1.4444211422195505
88,0.021624765166080036,0.14705361323707772,9.397749980144203,9.397750075401245,1.4367019901945095,1.4367018576434345
89,0.020767325536362565,0.14410872817550838,9.41034757916891,9.410347707812445,1.4290919200891739,1.4290918376837631
90,0.01994513756965337,0.14122725505246275,9.422653377174502,9.422653495407964,1.4215907173763702,1.4215906504984865
91,0.019156652171418917,0.13840755821637388,9.43467534587456,9.434675482558536,1.4141979565579241,1.4141979275282495
92,0.018400398273796033,0.13564806771125063,9.446421222982318,9.446421347349752,1.4069132318212907,1.4069131990186097
93,0.01767497246132311,0.13294725443318905,9.457898492861599,9.457898638415202,1.39973599557152,1.399735960871067
94,0.016979043557402793,0.13030365903305552,9.469114349039433,9.46911449232749,1.3926656693338404,1.3926656243898612
95,0.01631134044097733,0.1277158582204157,9.480075787162935,9.4800759143701,1.385701599290978,1.385701545276146
96,0.015670654792910847,0.12518248596713058,9.490789511261795,9.49078961375957,1.3788430814678605,1.3788430097415192
97,0.015055833492227316,0.12270221469976536,9.50126206046463,9.50126214904991,1.3720893765773752,1.3720893150199982
98,0.014465778164430218,0.1202737634084434,9.511499750212662,9.51149985327594,1.365439750559146,1.3654396882116167
99,0.013899439902819812,0.11789588586044812,9.52150874834123,9.521508857616551,1.3588933814196613,1.3588933329273891
100,0.013355820076157267,0.11556738327122089,9.531294936455435,9.531295039266313,1.3524494045415105,1.3524493429590299
101,0.01283396502130624,0.11328709115034351,9.540864032022583,9.540864115640469,1.346106879603095,1.3461068403361125
102,0.012332964341938861,0.11105388035516302,9.550221615909162,9.550221696617928,1.3398649841286396,1.3398649322918643
103,0.011851947897710187,0.10886665190824134,9.559373080743363,9.55937316117284,1.3337227022129043,1.3337226778663067
104,0.01139008694594313,0.10672435029524954,9.568323599818395,9.568323688825206,1.327679105717254,1.3276790627301986
105,0.010946587485035762,0.10462594078447163,9.577078264470472,9.577078363272408,1.3217331666428125,1.3217331453762438
106,0.010520692042495065,0.10257042479435806,9.585641963682036,9.58564205673251,1.3158838819490524,1.3158838703501137
107,0.010111676115058237,0.10055683027551256,9.594019446739994,9.594019564407942,1.3101302315561107,1.3101302369644192
108,0.009718847142477966,0.09858421345468028,9.60221533873285,9.60221546103426,1.3044711591405689,1.304471171596211
109,0.009341542907336287,0.09665165755089919,9.610234093436496,9.610234234683695,1.2989056030056803,1.2989056088633195
110,0.008979129541883695,0.09475826898948553,9.618080067564705,9.618080204294676,1.2934324518060616,1.2934324644933224
111,0.008631000726826887,0.09290317931495609,9.625757488070464,9.625757623756126,1.2880506604003008,1.2880506623010666
112,0.008296576920634478,0.09108554726538387,9.63327042566456,9.633270554041822,1.2827591006552261,1.282759106079231
113,0.007975302786086618,0.08930455075799115,9.640622855307106,9.640622994996516,1.2775566842877293,1.2775566961163511
114,0.007666646712476237,0.0875593896305601,9.647818637044068,9.647818764385729,1.272442264558854,1.2724422830332147
115,0.007370100349937948,0.08584928858143175,9.654861512593317,9.654861634059472,1.2674147650202021,1.2674147827638282
116,0.007085175759745679,0.0841734860852613,9.661755118384555,9.661755229409394,1.2624730131617803,1.2624730317328856
117,0.0068114063074866844,0.08253124443195246,9.668503010410955,9.668503105006224,1.2576159223332837,1.2576159247393832
118,0.006548345258880244,0.08092184661066654,9.675108596578418,9.675108697184502,1.2528423408396472,1.2528423554495425
119,0.006295563851392437,0.07934458930130295,9.681575234286374,9.681575333306052,1.248151140075854,1.2481511598899364
120,0.006052651712690335,0.07779878991790512,9.68790615463814,9.68790626519112,1.2435411912239445,1.2435412065212568
121,0.0058192152189870325,0.07628378083830817,9.694104536671475,9.694104651504027,1.2390113711996562,1.2390113719266038
122,0.005594877229463073,0.07479891195373815,9.700173436293031,9.700173558943995,1.234560519462132,1.2345605354581306
123,0.005379276129043767,0.07334354865319626,9.706115881623113,9.706115995404428,1.2301875712528514,1.2301875894814558
124,0.005172065163430405,0.07191707143252153,9.711934744159453,9.711934847295655,1.2258913604009312,1.2258913724270468
125,0.004972912177551917,0.07051887816430374,9.717632860952097,9.717632957272569,1.2216708023294935,1.2216707986646154
126,0.004781498177657632,0.06914837798283942,9.723212975189531,9.723213069838168,1.2175247544321248,1.2175247419700426
127,0.0045975171941133935,0.06780499387296922,9.728677779138739,9.72867786693999,1.2134521080357774,1.213452096110609
128,0.004420676265973788,0.06648816636044183,9.734029869262258,9.734029952561464,1.209451777953392,1.2094517687829782
129,0.004250693733923148,0.06519734453122418,9.739271802841733,9.739271897224523,1.2055226890640764,1.2055226798936787
130,0.00408729966288929,0.06393199248333568,9.744406054926415,9.744406145404353,1.2016637403913097,1.2016637276092335
131,0.003930234833599508,0.06269158503020568,9.74943502845439,9.749435112791845,1.1978738438735956,1.1978738221134708
132,0.003779250870089109,0.06147561199442515,9.754361063515152,9.75436115405467,1.1941519367590505,1.1941519164175076
133,0.0036341091475664954,0.06028357278369038,9.759186448080381,9.759186530479496,1.1904969417952447,1.1904969276746504
134,0.0034945805445885086,0.059114977328833584,9.76391342051626,9.763913500064572,1.186907838282581,1.186907805581599
135,0.0033604455517279534,0.05796935010613758,9.768544136178313,9.768544210752736,1.183383557137882,1.1833835213131103
136,0.003231492785425562,0.056846220502559025,9.773080735965983,9.773080802629192,1.1799230776936485,1.1799230349200267
137,0.0031075198872846095,0.05574513330582868,9.777525268471035,9.777525325441054,1.1765253651721488,1.1765253243136786
138,0.0029883323723238694,0.05466564160717287,9.781879740648188,9.7818797962894,1.1731894128845175,1.1731893673817724
139,0.0028737434989236535,0.053607308260382305,9.786146118314273,9.786146173621765,1.1699142098013777,1.1699141663319579
140,0.002763574005097733,0.05256970615380814,9.790326313136724,9.790326355444614,1.1666987567419582,1.1666987177377355
141,0.0026576516353893852,0.0515524163874923,9.794422190687051,9.794422238723195,1.163542089267885,1.1635420477073442
142,0.002555811207836735,0.05055503147894119,9.798435580134004,9.798435629430859,1.1604432372207316,1.1604432021940425
143,0.002457893807640985,0.04957715005565553,9.802368249804607,9.802368295730878,1.157401225595707,1.1574011960459898
144,0.002363747041132717,0.04861838172062822,9.806221920499878,9.806221963056222,1.154415101233383,1.1544150788650043
145,0.0022732243370604363,0.047678342431972574,9.809998310201475,9.809998346364278,1.1514839529422816,1.1514839378153034
146,0.0021861850513328358,0.046756657828942776,9.813699041127824,9.813699082354052,1.1486068397029994,1.1486068180627982
147,0.0021024939577160835,0.04585296018487884,9.81732574278166,9.817325785043522,1.1457828437583555,1.1457828241124484
148,0.002022021245358896,0.04496689054581044,9.820879976599077,9.820880017819462,1.1430110629088008,1.1430110305493382
149,0.0019446422979402691,0.044098098575111704,9.824363277370598,9.824363317726228,1.140290602916317,1.1402905719270886
150,0.0018702372241287868,0.04324623942181317,9.827777141104182,9.827777181517938,1.1376205802401567,1.137620555213514
151,0.0017986909138669922,0.04241097633711104,9.831123031602218,9.831123071656464,1.1350001320260492,1.1350001096002083
152,0.0017298927630256386,0.04159197955165921,9.834402379741714,9.834402421528846,1.1324284048969415,1.1324283852403831
153,0.001663736325900729,0.040788924059120865,9.837616586864613,9.837616627553126,1.1299045420497067,1.1299045242499717
154,0.001600119712230366,0.04000149637489035,9.840767006663786,9.84076704382104,1.1274277221399422,1.1274277036930633
155,0.001538944737521314,0.039229386147648475,9.843854976784929,9.843855009235455,1.1249971263838077,1.1249971053140415
156,0.001480117077130905,0.038472289730803716,9.846881793937747,9.846881824976325,1.1226119383636175,1.122611914575339
157,0.0014235461487765297,0.03772991053231547,9.849848723339775,9.849848755007525,1.1202713492292125,1.120271334179728
158,0.0013691449005426327,0.03700195806362999,9.852757009278672,9.852757039690914,1.1179745847332736,1.117974572295975
159,0.0013168295692115922,0.03628814640087851,9.855607877849945,9.855607903001086,1.115720873814533,1.1157208614685377
160,0.0012665197414282875,0.035588196658840235,9.85840250110606,9.858402523164624,1.113509439724855,1.1135094258720546
161,0.0012181381950056116,0.034901836556342006,9.861142032491223,9.861142055080617,1.1113395288656722,1.1113395187740958
162,0.0011716105778687938,0.034228797493759455,9.86382762165135,9.863827643134101,1.109210413772454,1.1092104065835187
163,0.0011268655053645127,0.033568817455557065,9.866460362188324,9.86646038262797,1.1071213528255384,1.1071213423454145
164,0.0010838343793915196,0.032921639986360336,9.869041343331105,9.869041364273496,1.105071634987254,1.105071625698575
165,0.0010424512024312215,0.03228701290660413,9.871571622080868,9.87157164084401,1.103060547273573,1.1030605373513016
166,0.0010026525742780046,0.03166468970759077,9.874052239446794,9.874052252463445,1.101087402652782,1.1010873864966904
167,0.0009643775785618314,0.03105442929055099,9.876484199045123,9.876484211203305,1.099151509180665,1.0991514912286076
168,0.0009275676041501375,0.03045599455197839,9.878868498647769,9.878868508467544,1.0972521963736386,1.0972521781187252
169,0.0008921663396493483,0.029869153648025386,9.881206094249178,9.881206103158616,1.0953887894249785,1.0953887688208852
170,0.0008581196582264793,0.02929367949279297,9.88349794303301,9.883497948565381,1.0935606440802286,1.0935606247880916
171,0.0008253755250490597,0.02872934954100179,9.885744961202743,9.885744968846872,1.0917671119492531,1.091767096097957
172,0.0007938838754064738,0.028175944978056613,9.887948065572687,9.887948072550953,1.0900075653658332,1.0900075525643576
173,0.0007635966353284917,0.027633252348004417,9.890108136387123,9.890108144840891,1.0882813806950948,1.0882813707886734
174,0.0007344675798351978,0.027101062337760818,9.892226045150096,9.892226052566397,1.086587951668306,1.0865879422715323
175,0.0007064522534644716,0.026579169540534398,9.894302639212924,9.894302647103316,1.0849266759360874,1.084926667333072
176,0.000679507915016411,0.026067372614370074,9.89633874894318,9.89633875566361,1.0832969606051321,1.0832969503638463
177,0.0006535934818076343,0.025565474409985713,9.89833518682034,9.898335194553306,1.0816982251320755,1.0816982145265113
178,0.0006286694405316308,0.025073281407339384,9.90029275183841,9.900292760749352,1.080129899680906,1.080129889248557
179,0.000604697817667874,0.024590604255850933,9.902212220271519,9.902212224529034,1.0785914172702067,1.0785914062365185
180,0.0005816421298933003,0.024117257926499446,9.904094345414215,9.90409434848057,1.077082225885272,1.0770822133117612
181,0.0005594672404071043,0.023653059852947234,9.905939878147525,9.905939880262773,1.0756017817921524,1.0756017674724452
182,0.0005381394400374654,0.023197832658191704,9.907749551105994,9.907749552198194,1.0741495634336151,1.0741495452271155
183,0.0005176262406050323,0.02275140084928909,9.9095240730663,9.909524069029196,1.0727250270900661,1.0727250108782436
184,0.0004978964154089538,0.02231359261546544,9.911264143557371,9.911264144858173,1.0713276667660934,1.071327650243881
185,0.00047891999986427825,0.02188424090217155,9.912970450683453,9.912970453220794,1.0699569750988194,1.0699569623436322
186,0.000460668144541504,0.02146318113750858,9.914643660340595,9.914643663565816,1.0686124564462567,1.0686124413520828
187,0.00044311309700273134,0.02105025170877373,9.916284431334603,9.916284435563806,1.067293617085666,1.067293605939577
188,0.0004262281718204953,0.02064529418101121,9.9178934081359,9.917893413204265,1.0659999810037244,1.0659999707033847
189,0.0004099877498820708,0.02024815423395601,9.919471219920663,9.91947122343359,1.0647310792607898,1.0647310692069378
190,0.0003943671433136142,0.019858679294293823,9.9210184808089,9.921018481665527,1.0634864424343728,1.0634864301927294
191,0.00037934262862175953,0.019476720171059593,9.922535795788994,9.922535794467713,1.0622656124913723,1.0622656030699706
192,0.0003648914392736667,0.019102131799191072,9.924023754011614,9.924023749143306,1.0610681508297217,1.0610681406962588
193,0.000350991614379555,0.018734770198205127,9.92548293339484,9.925482927400033,1.0598936100131109,1.059893600921826
194,0.00033762207620644506,0.018374495263991472,9.926913901881608,9.926913896347639,1.058741564293977,1.0587415518800105
195,0.00032476255807855497,0.018021169720041898,9.928317213352898,9.928317208684916,1.057611586569407,1.0576115731519162
196,0.00031239354431624014,0.017674658251752424,9.929693415150819,9.929693409701514,1.0565032596478454,1.056503248494889
197,0.0003004962927908132,0.017334828894189098,9.931043034960254,9.931043028015676,1.0554161736449474,1.0554161632325718
198,0.00028905279113989734,0.01700155260968531,9.932366591508632,9.932366585369742,1.054349929496733,1.0543499193551569
199,0.0002780456659930153,0.016674701376426963,9.933664603995624,9.933664599853234,1.0533041358109752,1.0533041233195157
200,0.00026745825547041765,0.01635415101649785,9.934937571381258,9.934937566980672,1.05227840132447,1.0522783903808877
201,0.0002572745203975432,0.01603977931261971,9.936185983445203,9.936185980891997,1.0512723479597685,1.0512723409912121
202,0.0002474790442091514,0.01573146668970034,9.93741031759833,9.937410316204794,1.050285601474649,1.05028559475756
203,0.00023805699474950938,0.0154290957204079,9.938611052361413,9.938611048162333,1.0493178005188701,1.049317795112354
204,0.00022899410931812454,0.015132551315562242,9.939788639690144,9.939788635959175,1.0483685791968482,1.0483685748097167
205,0.00022027667205859255,0.01484172065693842,9.940943537089444,9.94094353158383,1.047437589057088,1.047437583693755
206,0.0002118914820768558,0.014556492780778474,9.942076185299975,9.942076180987197,1.0465244797644802,1.0465244750261087
207,0.00020382586517616482,0.01427675961751002,9.943187016748844,9.943187013011315,1.0456289105734144,1.0456289076847858
208,0.00019606761638154115,0.014002414662533786,9.944276460260905,9.94427645759742,1.0447505537653732,1.0447505495601483
209,0.00018860500187147303,0.01373335362799171,9.945344931998156,9.94534493120422,1.043889079151787,1.0438890743419413
210,0.00018142674550968333,0.013469474581797293,9.946392838945842,9.946392836778399,1.0430441633998317,1.0430441587400816
211,0.00017452198494870698,0.013210676929995184,9.94742057944164,9.94742057555452,1.0422154879236605,1.0422154833589294
212,0.0001678802895573673,0.012956862643300936,9.948428546115498,9.948428541869152,1.041402746256392,1.0414027424952594
213,0.00016149161693250765,0.01270793519547954,9.94941712429727,9.94941712096957,1.0406056346721542,1.040605631577277
214,0.0001553463109916898,0.012463800022131684,9.95038669198541,9.950386687754623,1.039823853761486,1.039823851446299
215,0.00014943509290261372,0.012224364723887033,9.951337618678593,9.951337614824888,1.0390571158662836,1.0390571127879427
216,0.00014374901993253797,0.011989537936573619,9.95227026506841,9.95227026005386,1.0383051241356167,1.0383051228935505
217,0.00013827951574479366,0.011759231086461125,9.953184985659105,9.953184981232555,1.0375676046657862,1.0375676035084695
218,0.00013301832015517808,0.011533356846780474,9.95408212846364,9.954082124400324,1.0368442791144596,1.036844278272429
219,0.00012795748602450758,0.011311829472923801,9.954962029178294,9.95496202535788,1.0361348692578898,1.036134868243999
220,0.00012308937036747044,0.011094564902125292,9.955825029118245,9.955825024662218,1.0354391166744332,1.035439114741141
221,0.00011840662543619493,0.010881480847577453,9.956671454114513,9.956671448496472,1.0347567572715581,1.0347567564122255
222,0.0001139021897991414,0.01067249688681807,9.95750162013405,9.957501615513598,1.0340875344610987,1.0340875329696535
223,0.00010956925564813316,0.010467533408025653,9.95831584573341,9.958315841833254,1.0334311945151964,1.0334311943646088
224,0.00010540129309674015,0.010266513190793657,9.95911443822176,9.959114435407002,1.0327874946990514,1.0327874942063324
225,0.00010139200832106387,0.010069359876430272,9.959897699637963,9.959897695895442,1.0321561887552555,1.0321561866600497
226,9.753535145386964e-05,0.009875998757283724,9.960665926845275,9.960665923552494,1.0315370395523384,1.0315370378015882
227,9.38255100623037e-05,0.0096863569035166,9.96141941072632,9.961419406765954,1.0309298170654118,1.0309298132308928
228,9.025688736036437e-05,0.009500362485735183,9.962158433841148,9.962158429772469,1.0303342882262128,1.0303342838817482
229,8.682409753482079e-05,0.009317944920143111,9.962883278297975,9.96288327355294,1.0297502302471055,1.0297502259436928
230,8.352196767715209e-05,0.009139035380014244,9.963594214408182,9.963594210794444,1.0291774219330077,1.0291774175399833
231,8.034552009140875e-05,0.00896356625966522,9.964291513075992,9.964291508548904,1.0286156489455491,1.0286156434310014
232,7.728996567529347e-05,0.008791471189470705,9.964975434999992,9.96497543042748,1.028064696067346,1.0280646923076464
233,7.435069604500906e-05,0.008622684967283049,9.965646240853317,9.965646236854273,1.027524359847751,1.0275243560084286
234,7.152328032503945e-05,0.008457143745085539,9.966304182330042,9.966304178632159,1.0269944326585871,1.0269944293779938
235,6.880346206036099e-05,0.008294785232925624,9.966949505544733,9.966949503974828,1.0264747160662577,1.026474713181426
236,6.618713924687909e-05,0.008135547876257572,9.96758245634992,9.967582454473664,1.0259650130655151,1.0259650100774214
237,6.367037122827462e-05,0.007979371606102488,9.968203270580858,9.968203270333658,1.0254651313309198,1.0254651279739695
238,6.124936630833318e-05,0.007826197436069013,9.968812183684772,9.96881218253857,1.0249748801167111,1.024974878792198
239,5.892047512260012e-05,0.007675967373732129,9.969409424134689,9.96940942329021,1.0244940758783292,1.0244940761982173
240,5.668019175587466e-05,0.007528624825017824,9.969995217430647,9.969995215354066,1.0240225382916606,1.0240225379072465
241,5.452514221810929e-05,0.007384114179650074,9.970569781853557,9.970569779111402,1.0235600862909957,1.0235600863744692
242,5.245207795004595e-05,0.00724238068248597,9.971133336304618,9.971133333345914,1.0231065469964606,1.0231065485157294
243,5.045787869969636e-05,0.007103370939187701,9.971686090781402,9.971686087241952,1.0226617485999168,1.0226617492550722
244,4.853954302810823e-05,0.006967032584114146,9.972228252457374,9.972228248558295,1.0222255222231766,1.0222255219884067
245,4.6694180437202605e-05,0.006833314015702967,9.972760025955882,9.972760021903323,1.0217977022798757,1.0217977021163287
246,4.491901387214254e-05,0.006702164864589839,9.973281610202278,9.973281605150916,1.021378126436546,1.0213781263200248
247,4.32113691684092e-05,0.00657353551510975,9.973793201991512,9.973793198095226,1.0209666373236457,1.020966638294351
248,4.156867732674324e-05,0.006447377554226466,9.974294992066039,9.974294988505811,1.0205630775540797,1.0205630787789328
249,3.9988465784648614e-05,0.0063236433948040275,9.97478716934268,9.974787165605651,1.0201672954382612,1.0201672957630872
250,3.846835610983633e-05,0.006202286361482862,9.975269917732092,9.97526991404444,1.019779139702526,1.0197791396987061
251,3.700606224848264e-05,0.006083260823644063,9.975743418498741,9.975743415052758,1.0193984642224347,1.0193984653149166
252,3.559938079457966e-05,0.005966521666312766,9.976207850775356,9.976207848309201,1.0190251265005659,1.0190251274901847
253,3.424619681978066e-05,0.005852025018724771,9.976663388271213,9.97666338608348,1.0186589833389168,1.0186589860548183
254,3.294447477603877e-05,0.005739727761491722,9.977110200939993,9.977110198374355,1.018299897773022,1.0182998993085517
255,3.1692255789507164e-05,0.005629587532804439,9.977548454939834,9.97754845228034,1.0179477306481255,1.0179477317011207
256,3.0487654080908604e-05,0.005521562648463622,9.97797831626949,9.977978314508459,1.0176023501111289,1.0176023507071286
257,2.9328860755930956e-05,0.005415612685184471,9.978399945614168,9.978399943831707,1.0172636256738654,1.0172636264516572
258,2.821412988723836e-05,0.005311697458180234,9.978813502124861,9.978813500879607,1.016931429282856,1.0169314308806192
259,2.7141787684556947e-05,0.005209778084002902,9.979219138235282,9.979219137248391,1.0166056344573653,1.0166056359236357
260,2.611021942693955e-05,0.005109815987581113,9.97961700763301,9.979617006872783,1.0162861187027215,1.0162861189968369
261,2.5117874181551464e-05,0.005011773556491899,9.980007258007653,9.980007257549548,1.0159727586397025,1.0159727589418999
262,2.416325970937011e-05,0.004915613869026951,9.980390036764607,9.980390035482241,1.0156654367215159,1.0156654376604166
263,2.324493943627973e-05,0.004821300595926345,9.980765486690007,9.980765485764936,1.0153640369093526,1.015364038041067
264,2.2361534451457443e-05,0.004728798415185135,9.981133748618152,9.98113374719663,1.0150684455605876,1.0150684466964175
265,2.1511716193890985e-05,0.0046380724653557305,9.981494959437253,9.981494957271652,1.0147785494440287,1.014778550765492
266,2.069420561318638e-05,0.0045490884376088335,9.98184925426987,9.981849251833658,1.0144942382430677,1.0144942392007146
267,1.9907775164300188e-05,0.004461812990735961,9.982196765364005,9.982196763117164,1.0142154045222378,1.0142154057461739
268,1.9151242144448515e-05,0.004376213219719592,9.98253762356355,9.982537621755359,1.0139419433006984,1.01394194503987
269,1.8423468828084935e-05,0.004292256845539993,9.98287195755227,9.982871955215643,1.0136737516535224,1.013673753215945
270,1.772336191049311e-05,0.0042099123400010496,9.9831998900821,9.983199888194383,1.013410726289617,1.0134107281376001
271,1.7049869541853525e-05,0.004129148767222311,9.983521544987532,9.98352154324251,1.013152768897483,1.0131527710164654
272,1.6401978138953834e-05,0.004049935572197888,9.983837043069746,9.983837041061427,1.01289978123022,1.012899783099633
273,1.5778714209254553e-05,0.003972242969564495,9.984146501486588,9.98414649910964,1.0126516663073597,1.0126516683124422
274,1.5179142296312278e-05,0.0038960418755850505,9.9844500353582,9.984450033587493,1.0124083315502104,1.0124083335083907
275,1.4602360421691976e-05,0.003821303497720637,9.984747758782785,9.984747757653444,1.012169684095719,1.0121696854764457
276,1.4047502198528529e-05,0.0037479997596756233,9.985039783860747,9.985039782679776,1.0119356340024266,1.0119356350483129
277,1.3513734585590735e-05,0.0036761031793994484,9.985326218144895,9.985326216756876,1.0117060914744833,1.011706092813042
278,1.3000254798232468e-05,0.003605586609448242,9.985607169193916,9.985607168115747,1.0114809701094083,1.0114809715962578
279,1.2506291425821267e-05,0.0035364235359783007,9.985882742663913,9.985882741329972,1.0112601852363952,1.0112601858824564
280,1.203110246406278e-05,0.003468587964008233,9.986153040965615,9.986153040164233,1.0110436526625681,1.011043653075719
281,1.1573974163001272e-05,0.0034020544032982883,9.986418165712777,9.986418164816975,1.0108312907076844,1.0108312908447918
282,1.1134219446802319e-05,0.0033367977833249525,9.98667821514481,9.98667821426083,1.0106230179462408,1.0106230176903879
283,1.0711178331221243e-05,0.0032727936585158013,9.986933286982941,9.98693328619807,1.010418756640728,1.0104187564046019
284,1.030421456743077e-05,0.0032100178453445967,9.987183476652014,9.987183476095488,1.010218428659868,1.0102184287596119
285,9.912716824781764e-06,0.0031484467320858018,9.987428878240756,9.98742887722669,1.0100219587279118,1.0100219586066166
286,9.536098080928353e-06,0.003088057331224333,9.987669581680528,9.987669580537432,1.0098292715626973,1.009829271875441
287,9.17379177072053e-06,0.0030288267977420778,9.987905677877848,9.987905676781573,1.0096402947118408,1.0096402949637915
288,8.825254291706525e-06,0.002970732955300177,9.988137255210058,9.988137253778433,1.0094549569754132,1.0094549571104572
289,8.489961969118725e-06,0.0029137539307770525,9.988364399380306,9.988364398458984,1.0092731875334364,1.0092731876548746
290,8.167411058442184e-06,0.0028578682717092093,9.988587196138607,9.988587195371144,1.0090949176569515,1.0090949177940114
291,7.857117754101972e-06,0.0028030550751103646,9.988805728339578,9.988805727660932,1.0089200804073848,1.0089200805364862
292,7.558615781935856e-06,0.0027492936878289044,9.98902007764029,9.989020076571423,1.008748608891073,1.0087486090358264
293,7.271456933695549e-06,0.0026965639124069633,9.989230323806902,9.989230322845447,1.008580438571304,1.0085804385472628
294,6.995209914883878e-06,0.002644845915149667,9.989436545559244,9.989436543937657,1.0084155046651941,1.0084155050714596
295,6.729460066300297e-06,0.0025941202875542023,9.989638820370711,9.98963881842256,1.0082537468736124,1.0082537469366544
296,6.473808172270112e-06,0.0025443679317799367,9.989837222848063,9.989837221473888,1.0080951022749285,1.0080951023021822
297,6.227870645504087e-06,0.002495570204483153,9.99003182757042,9.990031826547861,1.0079395110495835,1.0079395114735465
298,5.991278231006286e-06,0.0024477087716896157,9.990222707401985,9.990222706403452,1.0077869150373582,1.0077869151284882
299,5.76367576617162e-06,0.0024007656624859537,9.990409933864232,9.990409932666148,1.0076372563232685,1.0076372565407605
300,5.544721238028182e-06,0.0023547231765173975,9.990593576538327,9.99059357524761,1.0074904777358051,1.0074904780721454
301,5.334086434791317e-06,0.0023095641222514946,9.990773703342843,9.990773702370248,1.0073465242059183,1.0073465241077137
302,5.1314547466546284e-06,0.002265271450986532,9.990950382334526,9.990950381167096,1.0072053406093189,1.0072053402233547
303,4.936521951799564e-06,0.0022218285153898726,9.991123680034338,9.991123678647336,1.007066874231549,1.0070668740793816
304,4.748995714540688e-06,0.0021792190607051623,9.99129366019731,9.991293658629152,1.0069310723121794,1.0069310723260554
305,4.56859437731318e-06,0.002137427046079744,9.991460386682,9.991460384889336,1.0067978835359435,1.006797883743892
306,4.39504722010905e-06,0.002096436791345985,9.991623921541146,9.991623920040972,1.0066672578988787,1.0066672579872853
307,4.228093795946825e-06,0.0020562329138370545,9.991784325937285,9.991784324653377,1.0065391455735904,1.0065391457097643
308,4.067483417390194e-06,0.0020168002918956045,9.99194166027488,9.991941658923952,1.006413498720445,1.0064134984427173
309,3.912975138088142e-06,0.001978124146278019,9.992095982363328,9.992095981139144,1.0062902686860404,1.0062902684739299
310,3.7643372246558873e-06,0.0019401899970507752,9.992247349438738,9.992247348665341,1.0061694091774542,1.0061694087484698
311,3.621346235479129e-06,0.001902983508987697,9.992395819724187,9.992395818732666,1.0060508749943269,1.0060508745650427
312,3.4837876207600503e-06,0.0018664907234594152,9.992541448068586,9.992541446932421,1.005934621163615,1.0059346208671769
313,3.351455181427918e-06,0.0018306980038848347,9.992684288186435,9.9926842873698,1.0058206037346502,1.005820603554551
314,3.224150277665824e-06,0.0017955919017599248,9.992824393924067,9.992824393025757,1.0057087796191782,1.0057087794972412
315,3.1016816891792473e-06,0.001761159189051134,9.992961817681133,9.992961816830807,1.0055991065380674,1.0055991064942142
316,2.983865759689378e-06,0.0017273869745049538,9.993096610485086,9.99309660978219,1.0054915429976918,1.005491542915059
317,2.87052573646202e-06,0.0016942625937150415,9.993228822744982,9.993228822015773,1.0053860482789354,1.005386048213073
318,2.761491281927078e-06,0.0016617735350904703,9.993358504224705,9.993358503253326,1.005282582244281,1.005282582433186
319,2.6565991602256534e-06,0.001629907715248214,9.993485702753564,9.993485701890908,1.0051811066763405,1.0051811066190943
320,2.5556916899186324e-06,0.0015986530861693015,9.993610466278511,9.993610465909939,1.0050815826952515,1.0050815826868287
321,2.458617750663152e-06,0.0015679980072255042,9.993732841064855,9.993732840683366,1.0049839726303342,1.0049839726211272
322,2.365231467647726e-06,0.0015379309047053207,9.993852873017424,9.993852872771821,1.0048882397602517,1.004888239596009
323,2.2753927495078684e-06,0.0015084405024752775,9.993970607061863,9.993970606808748,1.0047943478263204,1.0047943475434702
324,2.188966815985074e-06,0.0014795157369845964,9.994086087270475,9.994086087017724,1.0047022615584869,1.0047022613120284
325,2.1058240038160275e-06,0.0014511457555380256,9.99419935618353,9.994199356089506,1.004611945712922,1.004611945317651
326,2.025839606559939e-06,0.0014233199241772522,9.994310456459951,9.994310456414286,1.00452336630747,1.0045233660681243
327,1.9488936034000086e-06,0.001396027794637345,9.994419429989268,9.994419429942724,1.0044364906526584,1.0044364903212066
328,1.874870457327287e-06,0.001369259090649862,9.994526317010838,9.9945263167049,1.0043512848053018,1.0043512843949016
329,1.8036592224712481e-06,0.001343003805829026,9.99463115744858,9.9946311572434,1.0042677172749745,1.0042677168400136
330,1.7351531037425918e-06,0.001317252103335801,9.99473399054024,9.99473399034083,1.0041857565321128,1.004185755950041
331,1.6692492222635315e-06,0.001291994281049081,9.994834854715034,9.994834854505584,1.0041053712481918,1.0041053706560825
332,1.6058487037772477e-06,0.0012672208583263014,9.994933787977562,9.994933787791474,1.0040265315747587,1.0040265309466712
333,1.5448565603459064e-06,0.0012429225882354487,9.995030826903069,9.995030826526623,1.0039492074871064,1.003949206844624
334,1.4861811971811642e-06,0.0012190903154324392,9.995126007646576,9.995126007154514,1.0038733695266233,1.0038733689186095
335,1.4297346482964458e-06,0.0011957151200417454,9.995219365968726,9.995219365366705,1.0037989894542116,1.0037989889510892
336,1.3754321706558182e-06,0.0011727882036650173,9.995310936608861,9.995310936109727,1.0037260388805644,1.003726038631041
337,1.3231923808944039e-06,0.0011503009957808453,9.995400754020103,9.995400753418677,1.00365449074933,1.0036544905561058
338,1.2729368890098086e-06,0.0011282450482983778,9.995488851390107,9.995488850837642,1.0035843177827601,1.0035843173368317
339,1.2245903093231913e-06,0.0011066120861996723,9.995575261994663,9.99557526134097,1.0035154934885293,1.0035154930370658
340,1.1780801434017535e-06,0.001085394003761654,9.9956600177509,9.995660017281374,1.0034479920099446,1.0034479913600292
341,1.1333365958341518e-06,0.001064582827136598,9.995743150763523,9.995743150372565,1.0033817877874758,1.003381787317773
342,1.0902925487909187e-06,0.0010441707469522974,9.995824692007059,9.995824691438898,1.003316855950189,1.0033168553877747
343,1.0488834874286776e-06,0.0010241501293407514,9.995904671635731,9.995904671197838,1.0032531718874693,1.0032531714972828
344,1.0090472398911957e-06,0.0010045134344005538,9.995983119760375,9.995983119288379,1.0031907116428973,1.003190711048865
345,9.707240876616027e-07,0.0009852533114187451,9.996060065746654,9.996060065169118,1.0031294515974565,1.0031294510503876
346,9.338566055200106e-07,0.0009663625642169768,9.996135538060436,9.996135537505136,1.0030693687956986,1.0030693682459675
347,8.983894753579251e-07,0.0009478340969589167,9.996209564961612,9.99620956446853,1.0030104404146365,1.0030104400159725
348,8.642693980610721e-07,0.0009296609048793394,9.996282174480946,9.996282174142387,1.0029526443851944,1.0029526440849912
349,8.31445313623769e-07,0.0009118362318002992,9.996353393326157,9.99635339300654,1.0028959587788158,1.0028959584220756
350,7.998679761325331e-07,0.0008943533843691391,9.99642324830268,9.996423248188512,1.0028403624330575,1.0028403622156483
351,7.694900150606737e-07,0.0008772057997190133,9.996491765437206,9.996491765335533,1.0027858341628433,1.0027858339536002
352,7.402658253646635e-07,0.0008603870206858443,9.996558970515864,9.996558970438242,1.0027323534643509,1.0027323533269348
353,7.121516236377511e-07,0.0008438907652283862,9.996624888520266,9.996624888387736,1.0026799002679763,1.0026799000548394
354,6.851052344642081e-07,0.00082771083988565,9.996689544076851,9.99668954404125,1.002628454747708,1.002628454580718
355,6.590860953839949e-07,0.0008118411762062792,9.996752961615096,9.996752961524727,1.0025779977893228,1.0025779975312448
356,6.340551864051052e-07,0.00079627582306956,9.996815164442586,9.996815164331931,1.00252850989154,1.002528509617057
357,6.099749862014267e-07,0.0007810089539828764,9.996876176018521,9.996876175787545,1.0024799727699276,1.0024799723719664
358,5.868093867256423e-07,0.0007660348469395125,9.996936018869626,9.996936018673765,1.0024323677521703,1.002432367560996
359,5.645236052868016e-07,0.00075134785904187,9.996994715823952,9.996994715729029,1.0023856774613005,1.0023856772956734
360,5.43084263826347e-07,0.0007369425105300595,9.997052288500477,9.99705228836308,1.0023398839039785,1.0023398837675987
361,5.224592165706713e-07,0.0007228134037015856,9.997108758517248,9.997108758393772,1.0022949700923383,1.0022949700386259
362,5.026174870929749e-07,0.000708955208100607,9.997164146844883,9.997164146770283,1.0022509187516966,1.0022509186324293
363,4.835293475427814e-07,0.0006953627452939805,9.997218474474696,9.997218474340691,1.0022077136117453,1.0022077134826965
364,4.6516617648568517e-07,0.0006820309204762532,9.997271761533133,9.997271761357297,1.0021653382943387,1.0021653381555864
365,4.4750043557906036e-07,0.0006689547335799787,9.997324027876179,9.99732402766257,1.0021237767225735,1.0021237766121989
366,4.305056310318822e-07,0.0006561292792063788,9.997375293162936,9.997375292914885,1.002083013349936,1.002083013362073
367,4.1415627781467946e-07,0.000643549747738805,9.997425576477262,9.997425576299086,1.0020430328487577,1.002043032945467
368,3.98427864837743e-07,0.0006312114264157003,9.997474896744217,9.997474896517728,1.00200382019184,1.0020038203882988
369,3.832968146445539e-07,0.0006191096951627828,9.997523272190183,9.997523272024736,1.0019653605955476,1.0019653607963444
370,3.6874042821596637e-07,0.0006072400087411619,9.997570721036375,9.997570720917697,1.0019276395606938,1.0019276397668135
371,3.5473686616568025e-07,0.0005955979064483691,9.997617261012978,9.997617261018743,1.0018906428441912,1.0018906430660959
372,3.4126516038078245e-07,0.000584179048221333,9.997662909463054,9.997662909540956,1.0018543566066023,1.0018543567755156
373,3.283050828697582e-07,0.0005729791295237186,9.997707683546015,9.997707683720638,1.001818767049038,1.0018187673244077
374,3.1583720665715635e-07,0.0005619939560681736,9.99775160017187,9.997751600264255,1.0017838610413003,1.0017838613073895
375,3.038428444691924e-07,0.0005512194159036784,9.997794675373369,9.997794675449725,1.0017496251132971,1.0017496253454086
376,2.923040062716587e-07,0.0005406514646902001,9.99783692554103,9.997836925582021,1.0017160466170154,1.0017160468524324
377,2.812033976118606e-07,0.000530286146916795,9.997878366420245,9.99787836639959,1.0016831129208834,1.0016831131550274
378,2.7052438208136183e-07,0.0005201195844047422,9.997919013348426,9.997919013336066,1.0016508115569545,1.001650811779057
379,2.6025092854385534e-07,0.0005101479477013068,9.997958881645822,9.99795888165481,1.0016191303318072,1.0016191305495854
380,2.5036763343104604e-07,0.0005003674983759897,9.997997986250546,9.997997986250375,1.0015880573129101,1.0015880575724896
381,2.408597035973982e-07,0.0004907745955093827,9.998036341669279,9.998036341653945,1.0015575809550061,1.0015575811674189
382,2.317128503230714e-07,0.0004813656098259112,9.99807396240995,9.998073962414637,1.0015276896684948,1.0015276899222973
383,2.2291336766087667e-07,0.00047213702212480294,9.998110862490282,9.998110862451815,1.0014983722244717,1.0014983724540105
384,2.1444807463876146e-07,0.000463085385904977,9.99814705559475,9.998147055517794,1.001469617552507,1.0014696177778495
385,2.063042700150356e-07,0.0004542072985048078,9.998182555392532,9.998182555316102,1.0014414149994133,1.0014414151480542
386,1.984697503914406e-07,0.0004454994392717466,9.99821737506067,9.998217374956734,1.001413753785754,1.0014137539075159
387,1.9093276405223514e-07,0.00043695853813861466,9.998251527716445,9.998251527578837,1.0013866235979623,1.0013866237394016
388,1.8368200755340478e-07,0.0004285813896489263,9.998285026047157,9.998285025949361,1.0013600141789398,1.0013600143080377
389,1.7670662021596256e-07,0.0004203648655822255,9.998317882683072,9.998317882533053,1.0013339156720813,1.0013339157056307
390,1.6999613728151106e-07,0.0004123058783009418,9.998350109820764,9.998350109659338,1.0013083180600222,1.001308318123832
391,1.6354049430779252e-07,0.00040440140245527406,9.99838171959429,9.998381719394983,1.0012832118270174,1.0012832118776014
392,1.573300200763692e-07,0.0003966484842733792,9.998412723705773,9.998412723454278,1.0012585874317597,1.0012585874779956
393,1.513553976119554e-07,0.000389044210356555,9.99844313382971,9.998443133610726,1.001234435720223,1.0012344357724576
394,1.456076712166279e-07,0.000381585732459467,9.998472961354402,9.998472961138619,1.0012107475785759,1.0012107476326388
395,1.4007822911437206e-07,0.00037427026212934965,9.99850221732536,9.998502217119299,1.0011875140125375,1.0011875141240116
396,1.3475877627426242e-07,0.00036709505073517735,9.998530912804725,9.998530912602892,1.0011647264375232,1.0011647265329775
397,1.2964133443185904e-07,0.0003600574043563874,9.998559058567182,9.998559058401462,1.00114237628579,1.0011423763793734
398,1.2471823474485157e-07,0.00035315468954107284,9.998586665080376,9.9985866649237,1.0011204550955801,1.0011204551605244
399,1.199820962208016e-07,0.00034638431867046413,9.998613742708333,9.99861374252769,1.0010989546576643,1.0010989546885871
400,1.1542581669762801e-07,0.00033974375152109567,9.998640301520219,9.998640301385556,1.001077866812747,1.0010778668927676
401,1.1104257009912005e-07,0.00033323050595514216,9.998666351492325,9.99866635131098,1.0010571836999786,1.0010571837909763
402,1.0682578346294351e-07,0.0003268421384444538,9.998691902326605,9.998691902117876,1.0010368975417254,1.0010368976091013
403,1.0276913581965004e-07,0.0003205762558575573,9.998716963582016,9.998716963355523,1.0010170006877748,1.0010170007566572
404,9.886654105899956e-08,0.00031443050274901693,9.998741544647027,9.998741544429315,1.0009974856492605,1.0009974857071164
405,9.511215137609375e-08,0.0003084025800412405,9.99876565473527,9.998765654519351,1.0009783451290497,1.000978345162905
406,9.150033568920336e-08,0.0003024902241217117,9.998789302848753,9.99878930266673,1.000959571880333,1.0009595719147897
407,8.802568289456929e-08,0.0002966912248358035,9.99881249791446,9.998812497715518,1.000941158975724,1.0009411589774095
408,8.468297974215872e-08,0.0002910034015989482,9.998835248561056,9.998835248305634,1.0009230993505578,1.0009230993453397
409,8.146721904391e-08,0.00028542462935757663,9.99885756329293,9.998857563014868,1.0009053863187898,1.000905386317153
410,7.837357957926997e-08,0.00027995281670179704,9.998879450445173,9.998879450167351,1.0008880131913873,1.000888013215891
411,7.539742266029608e-08,0.0002745859112560149,9.998900918177025,9.998900917931445,1.0008709734238863,1.0008709734363264
412,7.253428504433332e-08,0.0002693218985606876,9.998921974591491,9.998921974359344,1.0008542606251478,1.0008542606334379
413,6.977987975641543e-08,0.00026415881540545915,9.998942627523164,9.99894262732355,1.00083786858322,1.0008378685562567
414,6.713007033206853e-08,0.0002590947130531006,9.998962884727788,9.998962884534809,1.0008217910208386,1.000821790951175
415,6.458088797587161e-08,0.0002541277001349353,9.998982753807534,9.998982753607198,1.000806021970726,1.0008060218889585
416,6.212851213234839e-08,0.00024925591694551283,9.999002242158037,9.999002241936633,1.000790555499621,1.0007905553862553
417,5.976926679390332e-08,0.0002444775384240919,9.999021357024322,9.999021356806297,1.0007753857387767,1.0007753856307793
418,5.7499613259280846e-08,0.00023979076975413555,9.999040105646053,9.99904010542841,1.0007605070712888,1.0007605069624794
419,5.531614888896621e-08,0.00023519385385032112,9.999058495037751,9.999058494815108,1.000745913899203,1.0007459137926298
420,5.32156026460337e-08,0.00023068507243866843,9.999076532004937,9.999076531776684,1.0007316006676688,1.000731600590939
421,5.119482388972208e-08,0.0002262627319947368,9.999094223372712,9.999094223173127,1.0007175621204087,1.0007175620447712
422,4.925078423288736e-08,0.00022192517710455334,9.999111575720299,9.999111575538278,1.0007037929039264,1.0007037928254259
423,4.738056816777792e-08,0.00021767077931541,9.999128595565391,9.999128595382171,1.000690287849839,1.0006902877658665
424,4.558137358867931e-08,0.00021349794750460553,9.999145289247725,9.99914528907275,1.0006770419068922,1.0006770417873125
425,4.385050280478537e-08,0.00020940511647231873,9.999161663038008,9.999161662861784,1.000664050062112,1.0006640499636403
426,4.218536121409379e-08,0.0002053907525038403,9.999177723074467,9.999177722916434,1.0006513075060501,1.000651307418689
427,4.058345332904717e-08,0.00020145335273717132,9.999193475348228,9.999193475161825,1.0006388093950431,1.0006388093089793
428,3.904237734429345e-08,0.000197591440463127,9.999208925758422,9.999208925579074,1.0006265510710608,1.000626551010739
429,3.75598225527304e-08,0.0001938035669246838,9.999224080063309,9.99922407992672,1.0006145279163572,1.0006145278431813
430,3.613356573884504e-08,0.00019008831036874688,9.999238944002673,9.999238943890006,1.0006027354326434,1.0006027353467466
431,3.476147263555295e-08,0.00018644428828889598,9.999253523083699,9.999253522977154,1.0005911692139124,1.000591169088847
432,3.344148030237403e-08,0.00018287011866998398,9.999267822847582,9.999267822750243,1.0005798248622888,1.0005798247606632
433,3.217161608277857e-08,0.00017936447831936673,9.999281848517002,9.999281848430648,1.0005686981126043,1.0005686980378041
434,3.094997341347543e-08,0.0001759260452959579,9.99929560541148,9.99929560535848,1.000557784832874,1.0005577847674516
435,2.9774721088549136e-08,0.0001725535310810797,9.9993090987254,9.999309098633857,1.0005470809155856,1.0005470808620458
436,2.8644098928246638e-08,0.00016924567624682953,9.999322333402393,9.999322333332852,1.000536582340142,1.000536582271726
437,2.7556409031217595e-08,0.00016600123201716786,9.999335314506814,9.999335314422874,1.0005262851592074,1.0005262850757148
438,2.6510024348302223e-08,0.00016281899259085907,9.999348046766665,9.999348046694578,1.000516185425478,1.0005161853854878
439,2.550337512887136e-08,0.0001596977618154724,9.99936053507037,9.99936053497043,1.000506279503783,1.0005062794369448
440,2.4534952521137728e-08,0.00015663637036505198,9.999372784019169,9.999372783922777,1.0004965635673015,1.0004965635227787
441,2.3603304588943577e-08,0.00015363367010178328,9.99938479823599,9.999384798154553,1.0004870340312735,1.0004870339913061
442,2.2707034869203198e-08,0.00015068853595812522,9.99939658220562,9.999396582128343,1.000477687282171,1.0004776872458645
443,2.184480068755252e-08,0.0001477998670078986,9.999408140335927,9.99940814024724,1.000468519813975,1.000468519801472
444,2.101530736945231e-08,0.00014496657328312728,9.99941947698101,9.99941947689959,1.0004595281861595,1.0004595282141298
445,2.0217313151024822e-08,0.00014218759844313015,9.999430596381945,9.999430596291091,1.000450709057662,1.000450709108678
446,1.9449622248407775e-08,0.00013946190249816532,9.99944150267994,9.999441502579662,1.0004420591211223,1.000442059162734
447,1.871108266524089e-08,0.00013678845954699867,9.999452199951548,9.999452199859945,1.0004335750843998,1.0004335751131255
448,1.8000588630285774e-08,0.00013416627232760764,9.999462692165668,9.999462692097246,1.0004252537433806,1.000425253767307
449,1.7317074210952195e-08,0.00013159435478375276,9.999472983322905,9.999472983259807,1.0004170920200535,1.0004170920468047
450,1.6659514753850312e-08,0.00012907174266217337,9.999483077268357,9.99948307720755,1.0004090868495974,1.0004090868905238
451,1.602692521034871e-08,0.00012659749290704262,9.999492977741127,9.999492977698594,1.0004012352135279,1.0004012352596567
452,1.5418357631864917e-08,0.0001241706794370753,9.999502688480089,9.999502688444817,1.0003935341880472,1.0003935342556303
453,1.4832899006313523e-08,0.00012179038963035435,9.999512213118923,9.999512213081676,1.0003859808720013,1.0003859809409945
454,1.4269672323240243e-08,0.00011945573373949131,9.999521555211901,9.99952155518878,1.0003785724447884,1.0003785725138512
455,1.3727833468860197e-08,0.0001171658374649377,9.999530718250066,9.99953071822894,1.0003713060976087,1.0003713061704065
456,1.3206569695245555e-08,0.0001149198403029066,9.999539705690214,9.99953970567448,1.0003641791277822,1.0003641792113704
457,1.2705099758022666e-08,0.00011271690094223966,9.999548520883216,9.999548520878665,1.0003571888737872,1.0003571889268987
458,1.22226720796513e-08,0.00011055619421656708,9.999557167134274,9.999557167126898,1.0003503326687886,1.0003503327237182
459,1.175856328798729e-08,0.00010843690925135818,9.999565647691362,9.999565647670298,1.0003436079746137,1.000343608014253
460,1.1312078797044822e-08,0.00010635825683530557,9.999573965665395,9.999573965652534,1.000337012216313,1.0003370122764053
461,1.0882548136426733e-08,0.00010431945233956481,9.999582124240142,9.999582124238135,1.0003305429815592,1.0003305430395022
462,1.0469328509312449e-08,0.00010231973665580091,9.999590126444248,9.999590126431372,1.0003241978202224,1.000324197880489
463,1.0071799614305974e-08,0.0001003583559765004,9.999597975273925,9.999597975275613,1.000317974356116,1.0003179743979014
464,9.689366472497093e-09,9.84345796582537e-05,9.99960567367324,9.999605673683654,1.0003118702561749,1.0003118703036282
465,9.321454754173138e-09,9.654768124700425e-05,9.999613224536397,9.9996132245496,1.0003058832206473,1.0003058832538705
466,8.967513520994976e-09,9.469695623933738e-05,9.999620630671924,9.999620630690908,1.0003000109845743,1.0003000110256977
467,8.627012594522821e-09,9.288171291768267e-05,9.999627894866887,9.999627894885545,1.0002942513875233,1.000294251429599
468,8.299441404863209e-09,9.110127005076937e-05,9.999635019834766,9.999635019851802,1.0002886022502417,1.0002886022917634
469,7.984308851724444e-09,8.935495986079588e-05,9.999642008267035,9.999642008265095,1.0002830614648397,1.0002830615182756
470,7.68114300302233e-09,8.764213029714835e-05,9.999648862730615,9.999648862730824,1.000277626944438,1.000277626996333
471,7.3894885130858825e-09,8.596213418177729e-05,9.999655585820541,9.99965558582409,1.0002722966301032,1.000272296665641
472,7.1089092091072984e-09,8.431434758750907e-05,9.999662180046258,9.999662180040602,1.0002670685308817,1.0002670685683746
473,6.838984168508899e-09,8.269815093766546e-05,9.999668647882942,9.99966864788432,1.0002619407056694,1.0002619407445719
474,6.579308710875744e-09,8.111293799928433e-05,9.999674991762262,9.999674991770002,1.000256911242355,1.0002569112557493
475,6.3294937133804126e-09,7.955811532069128e-05,9.999681214040283,9.999681214053652,1.0002519782046495,1.000251978217039
476,6.089164440897871e-09,7.803309836792251e-05,9.999687317070794,9.999687317083344,1.0002471397670147,1.0002471397810255
477,5.857961180050871e-09,7.653731887158624e-05,9.999693303114793,9.999693303134036,1.0002423941232512,1.0002423941302425
478,5.635537121273908e-09,7.5070214607885e-05,9.999699174425984,9.999699174451292,1.0002377394810729,1.0002377394852748
479,5.42155918931177e-09,7.363123786350308e-05,9.999704933201931,9.99970493323537,1.000233174120423,1.0002331741134187
480,5.215706236636347e-09,7.221984655644422e-05,9.999710581601311,9.999710581643393,1.0002286962959688,1.0002286962865288
481,5.017669699873385e-09,7.083551157345718e-05,9.999716121765251,9.999716121804338,1.0002243043594459,1.0002243043512118
482,4.827152929026191e-09,6.94777153411523e-05,9.999721555722768,9.999721555758494,1.000219996614519,1.0002199966113667
483,4.6438706251794814e-09,6.814595090817563e-05,9.999726885534674,9.999726885557568,1.000215771494556,1.0002157715015532
484,4.467548061513012e-09,6.683971919085996e-05,9.999732113166894,9.999732113185171,1.000211627391711,1.0002116273938921
485,4.297920626419931e-09,6.555852825086856e-05,9.999737240602913,9.999737240617359,1.0002075627496225,1.0002075627541749
486,4.134734122301268e-09,6.430189827914312e-05,9.999742269759127,9.999742269790243,1.000203576063742,1.0002035760635986
487,3.977744301723099e-09,6.30693610378534e-05,9.999747202513948,9.999747202545262,1.0001996658288193,1.000199665812489
488,3.8267153364419865e-09,6.186045050306364e-05,9.99975204074469,9.999752040771728,1.0001958305797607,1.0001958305628882
489,3.6814211660260795e-09,6.067471603580918e-05,9.999756786234531,9.999756786266808,1.0001920688770785,1.0001920688602766
490,3.541644123109749e-09,5.951171416712636e-05,9.999761440753884,9.999761440787076,1.0001883792937558,1.00018837928229
491,3.4071745848717696e-09,5.8371008085108227e-05,9.999766006069976,9.999766006093642,1.0001847604712528,1.0001847604629324
492,3.2778109558835477e-09,5.725216987925914e-05,9.999770483886763,9.99977048390243,1.00018121105378,1.0001812110379564
493,3.153359373360324e-09,5.6154780503179995e-05,9.999774875869589,9.999774875883114,1.0001777296860679,1.0001777296757086
494,3.0336334745674477e-09,5.507843021153969e-05,9.999779183658482,9.999779183675022,1.0001743150776519,1.000174315069599
495,2.9184536919208814e-09,5.4022714592297945e-05,9.999783408873324,9.999783408885879,1.0001709659377875,1.0001709659269375
496,2.8076473938664706e-09,5.2987238028288194e-05,9.999787553095988,9.999787553115604,1.0001676810192919,1.0001676810052718
497,2.7010485101596898e-09,5.197161254146045e-05,9.999791617898984,9.999791617914077,1.0001644591047778,1.0001644590883991
498,2.598497237247756e-09,5.0975457204891804e-05,9.999795604781706,9.999795604798663,1.000161298962657,1.000161298944999
499,2.499839898781421e-09,4.999839896218099e-05,9.99979951524633,9.999799515263799,1.0001581994147126,1.0001581994003392
500,2.404928710691343e-09,4.904007249883857e-05,9.999803350754453,9.999803350768651,1.0001551593035933,1.0001551592908815
501,2.31362135793808e-09,4.810011806573951e-05,9.999807112737475,9.999807112751437,1.000152177477668,1.0001521774667574
502,2.2257809892442665e-09,4.717818340339385e-05,9.99981080262339,9.999810802631563,1.0001492528420537,1.0001492528329348
503,2.1412759431805694e-09,4.6273922928368294e-05,9.999814421777398,9.999814421787423,1.0001463842827225,1.0001463842762504
504,2.0599795330224505e-09,4.5386997400383844e-05,9.99981797156449,9.999817971576258,1.0001435707342425,1.0001435707229585
505,1.9817700347422254e-09,4.4517075765847705e-05,9.999821453304113,9.999821453310094,1.0001408111267749,1.0001408111132606
506,1.90653015797857e-09,4.366383123339694e-05,9.999824868310597,9.999824868309332,1.0001381044390778,1.0001381044228628
507,1.8341471071650695e-09,4.282694370562846e-05,9.999828217857097,9.99982821785541,1.0001354496480148,1.000135449634823
508,1.7645125045333165e-09,4.2006100801351665e-05,9.999831503191073,9.999831503186758,1.0001328457529406,1.0001328457431273
509,1.6975219270876981e-09,4.1200994248776305e-05,9.999834725557292,9.999834725556607,1.0001302917995893,1.0001302917930608
510,1.633074897286853e-09,4.041132139991036e-05,9.99983788616235,9.99983788615922,1.0001277868118765,1.0001277868062326
511,1.571074894747649e-09,3.963678713957085e-05,9.99984098618908,9.999840986182399,1.0001253298642778,1.0001253298592028
512,1.511429153366505e-09,3.887710320183983e-05,9.999844026778277,9.999844026769138,1.0001229200153758,1.0001229200132664
513,1.4540480918497261e-09,3.8131982532379903e-05,9.999847009094287,9.999847009080337,1.0001205563823485,1.0001205563825855
514,1.3988456979166545e-09,3.7401145676525134e-05,9.999849934240292,9.99984993423278,1.0001182380650402,1.0001182380694131
515,1.3457393768244177e-09,3.668432058556377e-05,9.999852803311711,9.999852803306919,1.0001159641966213,1.0001159642059327
516,1.2946494466603126e-09,3.598123742536257e-05,9.999855617388196,9.999855617385304,1.00011373392522,1.0001137339388613
517,1.2454994089485738e-09,3.529163369622571e-05,9.999858377524426,9.999858377519448,1.0001115464221415,1.0001115464370087
518,1.198215552736901e-09,3.4615250291409146e-05,9.999861084752814,9.999861084748318,1.0001094008685125,1.000109400876415
519,1.1527270113280266e-09,3.395183369610582e-05,9.999863740083097,9.99986374008174,1.0001072964408677,1.0001072964516773
520,1.1089656048950567e-09,3.3301135189285315e-05,9.999866344522115,9.99986634451826,1.0001052323695965,1.000105232377129
521,1.0668657953936501e-09,3.266291161843429e-05,9.999868899035333,9.99986889903582,1.000103207876569,1.0001032078858256
522,1.0263644247919607e-09,3.2036922835877366e-05,9.999871404585274,9.99987140458817,1.0001012221989014,1.0001012222096377
523,9.874008754563378e-10,3.142293550030515e-05,9.999873862104891,9.999873862108752,1.0000992745930684,1.0000992746071038
524,9.49916697665579e-10,3.082071864291258e-05,9.999876272514395,9.999876272522208,1.0000973643283297,1.0000973643407538
525,9.138557791830347e-10,3.0230047621249866e-05,9.99987863671939,9.999878636720634,1.0000954906880168,1.0000954906973216
526,8.791640584430984e-10,2.9650700808633485e-05,9.999880955604715,9.999880955605487,1.0000936529751485,1.0000936529852633
527,8.457894994288532e-10,2.9082460340020294e-05,9.99988323004303,9.999883230048153,1.0000918505021874,1.0000918505121084
528,8.136821040269951e-10,2.852511356729356e-05,9.999885460888539,9.999885460890411,1.0000900825915118,1.0000900826009387
529,7.827937281921991e-10,2.7978451139979122e-05,9.9998876489685,9.99988764896682,1.0000883485653713,1.0000883485753433
530,7.530781722041774e-10,2.7442269807801568e-05,9.99988979510325,9.999889795100927,1.0000866477928276,1.0000866478034094
531,7.244908260068673e-10,2.6916367251300223e-05,9.99989190010261,9.99989190009939,1.0000849796320517,1.0000849796383633
532,6.969888965277472e-10,2.6400547277049906e-05,9.999893964750605,9.999893964746382,1.0000833434568857,1.0000833434638223
533,6.705311353713215e-10,2.589461595334678e-05,9.99989598981905,9.99989598981334,1.0000817386445373,1.0000817386490808
534,6.450778984511411e-10,2.5398383776357525e-05,9.999897976072422,9.999897976063377,1.000080164602095,1.0000801646096698
535,6.205910620239856e-10,2.491166517967006e-05,9.999899924249464,9.999899924240765,1.0000786207399963,1.0000786207479044
536,5.970339401499274e-10,2.443427797480268e-05,9.999901835082174,9.99990183507148,1.0000771064780924,1.0000771064888143
537,5.743712022105932e-10,2.3966042689826646e-05,9.99990370928613,9.999903709275932,1.0000756212515776,1.0000756212628656
538,5.525689319391933e-10,2.3506784806502e-05,9.999905547557336,9.999905547550256,1.000074164498355,1.000074164508709
539,5.315943788773746e-10,2.3056330559683048e-05,9.999907350598892,9.999907350590487,1.0000727356785295,1.0000727356863608
540,5.114161922336527e-10,2.261451286748518e-05,9.99990911907313,9.999909119062979,1.0000713342474163,1.0000713342585628
541,4.920041049571815e-10,2.2181165545506878e-05,9.999910853646025,9.999910853639046,1.0000699596877385,1.0000699597008786
542,4.733290110806284e-10,2.175612582884711e-05,9.999912554974397,9.999912554963466,1.0000686114859714,1.0000686114962805
543,4.5536295795148615e-10,2.1339235177285202e-05,9.999914223685826,9.999914223673791,1.00006728912901,1.000067289139764
544,4.3807900397455827e-10,2.0930336929312874e-05,9.999915860411532,9.999915860398547,1.0000659921294752,1.0000659921399153
545,4.2145126071095176e-10,2.052927813419049e-05,9.999917465759413,9.999917465748222,1.0000647199938082,1.0000647200065302
546,4.054548005071076e-10,2.0135908236459252e-05,9.999919040335374,9.99991904032473,1.0000634722492048,1.0000634722617052
547,3.9006563706844057e-10,1.975007941929451e-05,9.999920584729905,9.999920584719785,1.0000622484265596,1.0000622484390111
548,3.7526075983080923e-10,1.937164835089697e-05,9.999922099516354,9.99992209950706,1.0000610480667345,1.0000610480799892
549,3.610179429714934e-10,1.9000472177593202e-05,9.999923585266504,9.999923585260124,1.000059870723989,1.000059870735504
550,3.4731586724233654e-10,1.863641240266851e-05,9.99992504253736,9.999925042528336,1.0000587159507512,1.000058715964167
551,3.3413397606278625e-10,1.827933193699338e-05,9.99992647187629,9.999926471865319,1.0000575833190324,1.0000575833351866
552,3.2145255163758807e-10,1.7929097903619914e-05,9.99992787381056,9.999927873801543,1.0000564724016179,1.0000564724171876
553,3.0925256139316506e-10,1.7585578221746507e-05,9.999929248873134,9.999929248866131,1.0000553827866125,1.0000553828001444
554,2.975157574283763e-10,1.7248645089640412e-05,9.999930597575547,9.999930597565974,1.0000543140593954,1.0000543140722915
555,2.862245364420852e-10,1.6918171781906143e-05,9.999931920423268,9.999931920413463,1.0000532658205834,1.0000532658352053
556,2.7536195461617014e-10,1.6594033705406597e-05,9.99993321791596,9.999933217905884,1.000052237681718,1.0000522376950214
557,2.6491177878816183e-10,1.627611067755936e-05,9.999934490531583,9.999934490524605,1.0000512292526327,1.0000512292651877
558,2.548583273967547e-10,1.596428286509465e-05,9.999935738755326,9.999935738750077,1.0000502401604534,1.0000502401705993
559,2.451865305528837e-10,1.5658433208749965e-05,9.999936963053521,9.999936963046927,1.0000492700291468,1.0000492700399735
560,2.358819338233248e-10,1.5358448288265475e-05,9.999938163879035,9.99993816387183,1.000048318498943,1.000048318507942
561,2.2693055007229298e-10,1.5064214220207205e-05,9.999939341689153,9.999939341681733,1.0000473852106406,1.000047385220697
562,2.1831899810857545e-10,1.4775621750321557e-05,9.999940496921123,9.999940496912656,1.0000464698187725,1.0000464698291747
563,2.10034366484068e-10,1.4492562454033722e-05,9.99994163000639,9.999941629998375,1.0000455719744734,1.0000455719869816
564,2.0206423408967023e-10,1.4214929971324876e-05,9.999942741370969,9.999942741361744,1.0000446913435015,1.0000446913553105
565,1.9439667449645705e-10,1.394262079009743e-05,9.999943831429576,9.999943831419358,1.0000438275926165,1.0000438276051642
566,1.8702019141843738e-10,1.3675532582624978e-05,9.99994490059244,9.999944900582936,1.000042980405087,1.0000429804149302
567,1.7992373630165046e-10,1.3413565383657338e-05,9.999945949261079,9.999945949252439,1.0000421494598013,1.0000421494706406
568,1.7309667609987365e-10,1.3156620998564702e-05,9.99994697782883,9.999946977817611,1.0000413344474763,1.0000413344561543
569,1.665287726456666e-10,1.2904602769774302e-05,9.999947986678768,9.999947986667928,1.0000405350582924,1.000040535067678
570,1.6021020465826878e-10,1.2657416982080852e-05,9.999948976187756,9.999948976176356,1.0000397509941996,1.0000397510025751
571,1.5413149284899013e-10,1.2414970513416055e-05,9.999949946727627,9.999949946716868,1.0000389819608064,1.0000389819685307
572,1.482835222872067e-10,1.2177172179418615e-05,9.999950898664117,9.999950898654788,1.000038227670583,1.0000382276801252
573,1.4265756750876036e-10,1.1943934339603527e-05,9.999951832349582,9.9999518323398,1.0000374878413234,1.0000374878533322
574,1.3724516051369546e-10,1.1715167967796939e-05,9.999952748138238,9.999952748128749,1.000036762196664,1.0000367622089146
575,1.3203821793480357e-10,1.1490788394831905e-05,9.999953646369448,9.999953646360806,1.0000360504636923,1.0000360504751795
576,1.27028929087644e-10,1.1270711117211905e-05,9.999954527383398,9.999954527374566,1.000035352376236,1.0000353523869656
577,1.2220978724148144e-10,1.1054853560381587e-05,9.999955391509939,9.99995539150104,1.0000346676722265,1.0000346676831557
578,1.1757357294877922e-10,1.0843134830332935e-05,9.999956239072695,9.999956239063861,1.0000339960978475,1.0000339961091733
579,1.1311335256588003e-10,1.0635476132542446e-05,9.999957070386035,9.99995707037639,1.0000333373966241,1.0000333374072836
580,1.0882243215409597e-10,1.0431799085205581e-05,9.999957885764573,9.999957885753997,1.0000326913254858,1.0000326913351179
581,1.0469439093412314e-10,1.0232027703936455e-05,9.999958685510443,9.999958685501438,1.0000320576401576,1.000032057649324
582,1.0072304914162876e-10,1.003608734226784e-05,9.999959469924725,9.99995946991536,1.000031436102266,1.000031436112706
583,9.69024417388908e-11,9.84390378553604e-06,9.99996023930357,9.999960239295403,1.0000308264811726,1.0000308264917863
